uni_lemma,language
banana,English (American)
shoe,English (American)
bird,English (American)
cat,English (American)
duck,English (American)
car,English (American)
eye,English (American)
nose,English (American)
kitty,English (American)
balloon,English (American)
bubbles,English (American)
apple,English (American)
cheese,English (American)
cookie,English (American)
milk,English (American)
hat,English (American)
ear,English (American)
bear,English (American)
fish (animal),English (American)
truck,English (American)
juice,English (American)
water (beverage),English (American)
diaper,English (American)
owie,English (American)
bottle,English (American)
cow,English (American)
airplane,English (American)
cracker,English (American)
sock,English (American)
belly button,English (American)
hair,English (American)
mouth,English (American)
cup,English (American)
spoon,English (American)
bed,English (American)
door,English (American)
tree,English (American)
water (not beverage),English (American)
bee,English (American)
bunny,English (American)
horse,English (American)
monkey,English (American)
pig,English (American)
puppy,English (American)
boat,English (American)
bus,English (American)
train,English (American)
toy (object),English (American)
pizza,English (American)
foot,English (American)
hand,English (American)
head,English (American)
toe,English (American)
tummy,English (American)
blanket,English (American)
key,English (American)
light (object),English (American)
telephone,English (American)
chair,English (American)
potty,English (American)
flower,English (American)
moon,English (American)
bug,English (American)
chicken (animal),English (American)
elephant,English (American)
frog,English (American)
turtle,English (American)
bicycle,English (American)
blocks,English (American)
doll,English (American)
bread,English (American)
cake,English (American)
cereal,English (American)
chicken (food),English (American)
drink (beverage),English (American)
egg,English (American)
grapes,English (American)
ice cream,English (American)
orange (food),English (American)
boots,English (American)
pants,English (American)
shirt,English (American)
arm,English (American)
butt,English (American)
finger,English (American)
tooth,English (American)
bowl,English (American)
box,English (American)
brush (object),English (American)
fork,English (American)
pillow,English (American)
toothbrush,English (American)
bathtub,English (American)
tv,English (American)
rain,English (American)
rock (object),English (American)
star,English (American)
sun,English (American)
swing (object),English (American)
butterfly,English (American)
lion,English (American)
mouse,English (American)
owl,English (American)
sheep,English (American)
teddybear,English (American)
tiger,English (American)
crayon,English (American)
candy,English (American)
carrot,English (American)
fish (food),English (American)
food,English (American)
french fries,English (American)
ice,English (American)
strawberry,English (American)
yogurt,English (American)
button,English (American)
coat,English (American)
jacket,English (American)
pajamas,English (American)
cheek,English (American)
face,English (American)
knee,English (American)
leg,English (American)
tongue,English (American)
paper,English (American)
soap,English (American)
towel,English (American)
bathroom,English (American)
table,English (American)
grass,English (American)
slide (object),English (American)
animal,English (American)
giraffe,English (American)
firetruck,English (American)
stroller,English (American)
pen,English (American)
puzzle,English (American)
story,English (American)
cheerios,English (American)
chocolate,English (American)
corn,English (American)
pasta,English (American)
pancake,English (American)
peanut butter,English (American)
popcorn,English (American)
chips,English (American)
sandwich,English (American)
toast,English (American)
bib,English (American)
chin,English (American)
broom,English (American)
clock,English (American)
glasses,English (American)
money,English (American)
picture,English (American)
plate,English (American)
trash,English (American)
vacuum,English (American)
couch,English (American)
kitchen,English (American)
room,English (American)
shower,English (American)
stairs,English (American)
window,English (American)
pool,English (American)
sky,English (American)
snow,English (American)
stick,English (American)
alligator,English (American)
ant,English (American)
squirrel,English (American)
zebra,English (American)
helicopter,English (American)
motorcycle,English (American)
tractor,English (American)
pencil,English (American)
present,English (American)
applesauce,English (American)
beans,English (American)
butter,English (American)
coffee,English (American)
hamburger,English (American)
peas,English (American)
popsicle,English (American)
potato,English (American)
pumpkin,English (American)
raisin,English (American)
soup,English (American)
dress (object),English (American)
shorts,English (American)
sweater,English (American)
zipper,English (American)
lip,English (American)
basket,English (American)
comb (object),English (American)
knife,English (American)
medicine,English (American)
napkin,English (American)
purse,English (American)
scissors,English (American)
tissue,English (American)
watch (object),English (American)
bedroom,English (American)
crib,English (American)
refrigerator,English (American)
sink,English (American)
cloud,English (American)
street,English (American)
deer,English (American)
penguin,English (American)
bat (object),English (American)
chalk,English (American)
game,English (American)
play dough,English (American)
pastry,English (American)
meat,English (American)
muffin,English (American)
pickle,English (American)
pretzel,English (American)
belt,English (American)
glove,English (American)
necklace,English (American)
slipper,English (American)
penis,English (American)
bucket,English (American)
camera,English (American)
glass,English (American)
hammer,English (American)
plant,English (American)
tape (object),English (American)
closet,English (American)
garage,English (American)
high chair,English (American)
oven,English (American)
flag,English (American)
shovel,English (American)
wind,English (American)
goose,English (American)
lamb,English (American)
pony,English (American)
rooster,English (American)
turkey,English (American)
green beans,English (American)
jelly,English (American)
lollipop,English (American)
nut,English (American)
sauce,English (American)
soda,English (American)
vitamin,English (American)
jeans,English (American)
mitten,English (American)
underpants,English (American)
shoulder,English (American)
can (object),English (American)
dish,English (American)
penny,English (American)
radio,English (American)
drawer,English (American)
dryer,English (American)
living room,English (American)
rocking chair,English (American)
stove,English (American)
washing machine,English (American)
yard,English (American)
hose,English (American)
ladder,English (American)
lawn mower,English (American)
sandbox,English (American)
sidewalk,English (American)
snowman,English (American)
donkey,English (American)
moose,English (American)
wolf,English (American)
glue (object),English (American)
gum,English (American)
jello,English (American)
melon,English (American)
salt,English (American)
lamp,English (American)
nail (object),English (American)
garden,English (American)
roof,English (American)
sprinkler,English (American)
tricycle,English (American)
coke,English (American)
pudding,English (American)
sneaker,English (American)
ankle,English (American)
jar,English (American)
mop (object),English (American)
stone,English (American)
water (beverage),Mandarin (Beijing)
milk,Mandarin (Beijing)
food,Mandarin (Beijing)
meat,Mandarin (Beijing)
fish (food),Mandarin (Beijing)
egg,Mandarin (Beijing)
dish,Mandarin (Beijing)
head,Mandarin (Beijing)
foot,Mandarin (Beijing)
fish (animal),Mandarin (Beijing)
bag,Mandarin (Beijing)
book,Mandarin (Beijing)
shoe,Mandarin (Beijing)
door,Mandarin (Beijing)
flower,Mandarin (Beijing)
bun,Mandarin (Beijing)
beans,Mandarin (Beijing)
sugar,Mandarin (Beijing)
hand,Mandarin (Beijing)
tummy,Mandarin (Beijing)
butt,Mandarin (Beijing)
bunny,Mandarin (Beijing)
horse,Mandarin (Beijing)
dog,Mandarin (Beijing)
duck,Mandarin (Beijing)
bird,Mandarin (Beijing)
chick,Mandarin (Beijing)
spoon,Mandarin (Beijing)
blanket,Mandarin (Beijing)
doll,Mandarin (Beijing)
pen,Mandarin (Beijing)
sock,Mandarin (Beijing)
porridge,Mandarin (Beijing)
rice,Mandarin (Beijing)
dumpling,Mandarin (Beijing)
pasta,Mandarin (Beijing)
shrimp,Mandarin (Beijing)
melon,Mandarin (Beijing)
banana,Mandarin (Beijing)
orange (food),Mandarin (Beijing)
pear,Mandarin (Beijing)
face,Mandarin (Beijing)
nose,Mandarin (Beijing)
mouth,Mandarin (Beijing)
tooth,Mandarin (Beijing)
leg,Mandarin (Beijing)
sheep,Mandarin (Beijing)
tiger,Mandarin (Beijing)
cow,Mandarin (Beijing)
bowl,Mandarin (Beijing)
cup,Mandarin (Beijing)
knife,Mandarin (Beijing)
clock,Mandarin (Beijing)
medicine,Mandarin (Beijing)
basin,Mandarin (Beijing)
paper,Mandarin (Beijing)
pocket,Mandarin (Beijing)
button,Mandarin (Beijing)
bed,Mandarin (Beijing)
tree,Mandarin (Beijing)
water (not beverage),Mandarin (Beijing)
street,Mandarin (Beijing)
soup,Mandarin (Beijing)
apple,Mandarin (Beijing)
grapes,Mandarin (Beijing)
watermelon,Mandarin (Beijing)
strawberry,Mandarin (Beijing)
pancake,Mandarin (Beijing)
cookie,Mandarin (Beijing)
hair,Mandarin (Beijing)
eye,Mandarin (Beijing)
ear,Mandarin (Beijing)
monkey,Mandarin (Beijing)
bear,Mandarin (Beijing)
pig,Mandarin (Beijing)
elephant,Mandarin (Beijing)
bug,Mandarin (Beijing)
bottle,Mandarin (Beijing)
chopstick,Mandarin (Beijing)
pot,Mandarin (Beijing)
telephone,Mandarin (Beijing)
pillow,Mandarin (Beijing)
soap,Mandarin (Beijing)
picture,Mandarin (Beijing)
money,Mandarin (Beijing)
balloon,Mandarin (Beijing)
gun,Mandarin (Beijing)
song,Mandarin (Beijing)
clothes,Mandarin (Beijing)
pants,Mandarin (Beijing)
table,Mandarin (Beijing)
stool,Mandarin (Beijing)
tv,Mandarin (Beijing)
grass,Mandarin (Beijing)
soil,Mandarin (Beijing)
rain,Mandarin (Beijing)
wind,Mandarin (Beijing)
yogurt,Mandarin (Beijing)
kefir,Mandarin (Beijing)
tea,Mandarin (Beijing)
carrot,Mandarin (Beijing)
tomato,Mandarin (Beijing)
cucumber,Mandarin (Beijing)
bread,Mandarin (Beijing)
cake,Mandarin (Beijing)
jelly,Mandarin (Beijing)
eyebrow,Mandarin (Beijing)
tongue,Mandarin (Beijing)
mouse,Mandarin (Beijing)
deer,Mandarin (Beijing)
pigeon,Mandarin (Beijing)
plate,Mandarin (Beijing)
comb (object),Mandarin (Beijing)
toothbrush,Mandarin (Beijing)
towel,Mandarin (Beijing)
glasses,Mandarin (Beijing)
newspaper,Mandarin (Beijing)
key,Mandarin (Beijing)
bucket,Mandarin (Beijing)
glove,Mandarin (Beijing)
handkerchief,Mandarin (Beijing)
window,Mandarin (Beijing)
mirror,Mandarin (Beijing)
refrigerator,Mandarin (Beijing)
leaf,Mandarin (Beijing)
snow,Mandarin (Beijing)
stone,Mandarin (Beijing)
sun,Mandarin (Beijing)
moon,Mandarin (Beijing)
star,Mandarin (Beijing)
sky,Mandarin (Beijing)
road,Mandarin (Beijing)
umbrella,Mandarin (Beijing)
airplane,Mandarin (Beijing)
boat,Mandarin (Beijing)
juice,Mandarin (Beijing)
coke,Mandarin (Beijing)
cabbage,Mandarin (Beijing)
tofu,Mandarin (Beijing)
peanut,Mandarin (Beijing)
chocolate,Mandarin (Beijing)
french fries,Mandarin (Beijing)
flour,Mandarin (Beijing)
brain,Mandarin (Beijing)
neck,Mandarin (Beijing)
arm,Mandarin (Beijing)
panda,Mandarin (Beijing)
lion,Mandarin (Beijing)
swallow (animal),Mandarin (Beijing)
goose,Mandarin (Beijing)
turtle,Mandarin (Beijing)
frog,Mandarin (Beijing)
ant,Mandarin (Beijing)
butterfly,Mandarin (Beijing)
battery,Mandarin (Beijing)
watch (object),Mandarin (Beijing)
scissors,Mandarin (Beijing)
rope,Mandarin (Beijing)
cloth,Mandarin (Beijing)
box,Mandarin (Beijing)
brush (object),Mandarin (Beijing)
blocks,Mandarin (Beijing)
toy (object),Mandarin (Beijing)
story,Mandarin (Beijing)
scarf,Mandarin (Beijing)
sweater,Mandarin (Beijing)
sleeve,Mandarin (Beijing)
slipper,Mandarin (Beijing)
stairs,Mandarin (Beijing)
potty,Mandarin (Beijing)
chair,Mandarin (Beijing)
couch,Mandarin (Beijing)
house,Mandarin (Beijing)
bathroom,Mandarin (Beijing)
mountain,Mandarin (Beijing)
stick,Mandarin (Beijing)
sand,Mandarin (Beijing)
shovel,Mandarin (Beijing)
train,Mandarin (Beijing)
bicycle,Mandarin (Beijing)
chicken (food),Mandarin (Beijing)
potato,Mandarin (Beijing)
corn,Mandarin (Beijing)
scallion,Mandarin (Beijing)
fruit,Mandarin (Beijing)
nut,Mandarin (Beijing)
popsicle,Mandarin (Beijing)
finger,Mandarin (Beijing)
belly button,Mandarin (Beijing)
wolf,Mandarin (Beijing)
giraffe,Mandarin (Beijing)
dragon,Mandarin (Beijing)
mosquito,Mandarin (Beijing)
fly (animal),Mandarin (Beijing)
snake,Mandarin (Beijing)
fan,Mandarin (Beijing)
camera,Mandarin (Beijing)
piano,Mandarin (Beijing)
tissue,Mandarin (Beijing)
broom,Mandarin (Beijing)
rag,Mandarin (Beijing)
trash,Mandarin (Beijing)
thing,Mandarin (Beijing)
kite,Mandarin (Beijing)
wheel,Mandarin (Beijing)
vest,Mandarin (Beijing)
zipper,Mandarin (Beijing)
washing machine,Mandarin (Beijing)
closet,Mandarin (Beijing)
drawer,Mandarin (Beijing)
bathtub,Mandarin (Beijing)
kitchen,Mandarin (Beijing)
slide (object),Mandarin (Beijing)
motorcycle,Mandarin (Beijing)
liver (food),Mandarin (Beijing)
sprouts,Mandarin (Beijing)
spinach,Mandarin (Beijing)
mushroom,Mandarin (Beijing)
ice cream,Mandarin (Beijing)
pepper,Mandarin (Beijing)
salt,Mandarin (Beijing)
vinegar,Mandarin (Beijing)
cheek,Mandarin (Beijing)
thumb,Mandarin (Beijing)
zebra,Mandarin (Beijing)
camel,Mandarin (Beijing)
animal,Mandarin (Beijing)
penguin,Mandarin (Beijing)
peacock,Mandarin (Beijing)
dragonfly,Mandarin (Beijing)
purse,Mandarin (Beijing)
basket,Mandarin (Beijing)
hammer,Mandarin (Beijing)
nail (object),Mandarin (Beijing)
wood,Mandarin (Beijing)
bell,Mandarin (Beijing)
pencil,Mandarin (Beijing)
game,Mandarin (Beijing)
bib,Mandarin (Beijing)
jacket,Mandarin (Beijing)
skirt,Mandarin (Beijing)
belt,Mandarin (Beijing)
faucet,Mandarin (Beijing)
air conditioner,Mandarin (Beijing)
balcony,Mandarin (Beijing)
elevator,Mandarin (Beijing)
traffic light,Mandarin (Beijing)
car,Mandarin (Beijing)
bus,Mandarin (Beijing)
truck,Mandarin (Beijing)
taxi,Mandarin (Beijing)
tricycle,Mandarin (Beijing)
soda,Mandarin (Beijing)
drink (beverage),Mandarin (Beijing)
donut,Mandarin (Beijing)
sauce,Mandarin (Beijing)
lip,Mandarin (Beijing)
shoulder,Mandarin (Beijing)
gorilla,Mandarin (Beijing)
radio,Mandarin (Beijing)
voice recorder,Mandarin (Beijing)
dustpan,Mandarin (Beijing)
board game,Mandarin (Beijing)
necklace,Mandarin (Beijing)
coat,Mandarin (Beijing)
shirt,Mandarin (Beijing)
underpants,Mandarin (Beijing)
sandal,Mandarin (Beijing)
stove,Mandarin (Beijing)
puddle,Mandarin (Beijing)
gas,Mandarin (Beijing)
branch,Mandarin (Beijing)
ladder,Mandarin (Beijing)
swing (object),Mandarin (Beijing)
trampoline,Mandarin (Beijing)
cloud,Mandarin (Beijing)
snowman,Mandarin (Beijing)
crane,Mandarin (Beijing)
chin,Mandarin (Beijing)
hedgehog,Mandarin (Beijing)
eagle,Mandarin (Beijing)
owl,Mandarin (Beijing)
alligator,Mandarin (Beijing)
dinosaur,Mandarin (Beijing)
roof,Mandarin (Beijing)
jeep,Mandarin (Beijing)
book,Korean
eye,Korean
foot,Korean
dog,Korean
shoe,Korean
sock,Korean
strawberry,Korean
banana,Korean
ear,Korean
hand,Korean
mouth,Korean
flower,Korean
hat,Korean
pants,Korean
meat,Korean
tangerine,Korean
apple,Korean
candy,Korean
head,Korean
tummy,Korean
balloon,Korean
cat,Korean
bear,Korean
pig,Korean
bird,Korean
duck,Korean
bunny,Korean
bag,Korean
diaper,Korean
door,Korean
blanket,Korean
dried seaweed,Korean
ice cream,Korean
juice,Korean
grapes,Korean
belly button,Korean
medicine,Korean
cup,Korean
train,Korean
bus,Korean
airplane,Korean
doll,Korean
butterfly,Korean
horse,Korean
fish (animal),Korean
lion,Korean
cow,Korean
elephant,Korean
tiger,Korean
dress (object),Korean
pillow,Korean
chair,Korean
cheese,Korean
leg,Korean
tooth,Korean
telephone,Korean
toothbrush,Korean
tree,Korean
boat,Korean
bicycle,Korean
giraffe,Korean
crocodile,Korean
room,Korean
tv,Korean
egg,Korean
kimchi,Korean
watermelon,Korean
yogurt,Korean
face,Korean
hip,Korean
scissors,Korean
soap,Korean
towel,Korean
spoon,Korean
clock,Korean
glasses,Korean
umbrella,Korean
fork,Korean
tissue,Korean
rain,Korean
stroller,Korean
frog,Korean
chicken (animal),Korean
hippopotamus,Korean
underpants,Korean
refrigerator,Korean
bed,Korean
rice cake,Korean
beans,Korean
neck,Korean
arm,Korean
money,Korean
comb (object),Korean
toothpaste,Korean
swing (object),Korean
snow,Korean
slide (object),Korean
star,Korean
motorcycle,Korean
taxi,Korean
blocks,Korean
pencil,Korean
toy (object),Korean
paper,Korean
crayon,Korean
ant,Korean
turtle,Korean
snake,Korean
chick,Korean
sheep,Korean
monkey,Korean
button,Korean
glove,Korean
stairs,Korean
piano,Korean
bathroom,Korean
sweet potato,Korean
soup,Korean
gum,Korean
carrot,Korean
orange (food),Korean
chocolate,Korean
coffee,Korean
cake,Korean
tomato,Korean
penis,Korean
finger,Korean
trash can,Korean
chopstick,Korean
knife,Korean
moon,Korean
fire,Korean
sun,Korean
firetruck,Korean
dinosaur,Korean
mouse,Korean
penguin,Korean
necklace,Korean
jacket,Korean
pocket,Korean
window,Korean
potato,Korean
fruit,Korean
noodles,Korean
corn,Korean
pizza,Korean
butt,Korean
hair,Korean
bowl,Korean
picture,Korean
trash,Korean
key,Korean
vacuum,Korean
snowman,Korean
seesaw,Korean
sky,Korean
truck,Korean
present,Korean
glue (object),Korean
squirrel,Korean
bug,Korean
fox,Korean
dress shoe,Korean
sneaker,Korean
bathtub,Korean
washing machine,Korean
couch,Korean
persimmon,Korean
pasta,Korean
radish,Korean
fish (food),Korean
ice,Korean
back (body part),Korean
knee,Korean
shoulder,Korean
blood,Korean
rag,Korean
wallet,Korean
camera,Korean
stone,Korean
wind,Korean
helicopter,Korean
robot,Korean
bubbles,Korean
gun,Korean
bee,Korean
pigeon,Korean
deer,Korean
goat,Korean
sparrow,Korean
scarf,Korean
skirt,Korean
kitchen,Korean
drawer,Korean
nut,Korean
rice,Korean
coke,Korean
pumpkin,Korean
fingernail,Korean
lip,Korean
plate,Korean
cloud,Korean
sand,Korean
animal,Korean
owl,Korean
closet,Korean
chicken (food),Korean
peanut,Korean
cabbage,Korean
peach,Korean
hamburger,Korean
body,Korean
chin,Korean
hanger,Korean
grass,Korean
soil,Korean
calf,Korean
waist,Korean
tongue,Korean
bottle,Korean
box,Korean
street,Korean
pajamas,Korean
glass,Korean
soda,Korean
sugar,Korean
salt,Korean
cheek,Korean
radio,Korean
broom,Korean
ground,Korean
ladder,Korean
food,Korean
hammer,Korean
sled,Korean
microwave,Korean
donut,Korean
melon,Korean
hot dog,Korean
tray,Korean
coat,Korean
belt,Korean
spaghetti,Korean
boulder,Korean
roof,Korean
pancake,Korean
ankle,Korean
nail (object),Korean
ball,English (Australian)
dog,English (Australian)
car,English (Australian)
banana,English (Australian)
shoe,English (Australian)
bird,English (Australian)
duck,English (Australian)
book,English (Australian)
cat,English (Australian)
fish (animal),English (Australian)
balloon,English (Australian)
apple,English (Australian)
cookie,English (Australian)
cheese,English (Australian)
milk,English (Australian)
hat,English (Australian)
sock,English (Australian)
ear,English (Australian)
eye,English (Australian)
nose,English (Australian)
bathtub,English (Australian)
airplane,English (Australian)
bicycle,English (Australian)
bus,English (Australian)
truck,English (Australian)
bubbles,English (Australian)
teddybear,English (Australian)
juice,English (Australian)
bottle,English (Australian)
key,English (Australian)
spoon,English (Australian)
bed,English (Australian)
door,English (Australian)
flower,English (Australian)
star,English (Australian)
bear,English (Australian)
pig,English (Australian)
puppy,English (Australian)
cow,English (Australian)
boat,English (Australian)
train,English (Australian)
cake,English (Australian)
toast,English (Australian)
drink (beverage),English (Australian)
water (beverage),English (Australian)
diaper,English (Australian)
foot,English (Australian)
hair,English (Australian)
mouth,English (Australian)
tooth,English (Australian)
telephone,English (Australian)
cup,English (Australian)
chair,English (Australian)
tree,English (Australian)
water (not beverage),English (Australian)
bee,English (Australian)
bunny,English (Australian)
frog,English (Australian)
horse,English (Australian)
monkey,English (Australian)
bread,English (Australian)
fish (food),English (Australian)
yogurt,English (Australian)
arm,English (Australian)
butt,English (Australian)
hand,English (Australian)
head,English (Australian)
tummy,English (Australian)
toe,English (Australian)
trash,English (Australian)
light (object),English (Australian)
toothbrush,English (Australian)
clock,English (Australian)
shower,English (Australian)
tv,English (Australian)
moon,English (Australian)
rain,English (Australian)
butterfly,English (Australian)
sheep,English (Australian)
snake,English (Australian)
spider,English (Australian)
lion,English (Australian)
tiger,English (Australian)
stroller,English (Australian)
doll,English (Australian)
toy (object),English (Australian)
chicken (food),English (Australian)
chocolate,English (Australian)
grapes,English (Australian)
ice cream,English (Australian)
chips,English (Australian)
egg,English (Australian)
bib,English (Australian)
boots,English (Australian)
pants,English (Australian)
belly button,English (Australian)
finger,English (Australian)
knee,English (Australian)
leg,English (Australian)
blanket,English (Australian)
box,English (Australian)
bowl,English (Australian)
brush (object),English (Australian)
plate,English (Australian)
tissue,English (Australian)
fork,English (Australian)
towel,English (Australian)
sun,English (Australian)
swing (object),English (Australian)
elephant,English (Australian)
giraffe,English (Australian)
kangaroo,English (Australian)
crocodile,English (Australian)
mouse,English (Australian)
turtle,English (Australian)
blocks,English (Australian)
pen,English (Australian)
story,English (Australian)
carrot,English (Australian)
lollipop,English (Australian)
orange (food),English (Australian)
sandwich,English (Australian)
strawberry,English (Australian)
sauce,English (Australian)
pasta,English (Australian)
button,English (Australian)
jacket,English (Australian)
pajamas,English (Australian)
chin,English (Australian)
face,English (Australian)
tongue,English (Australian)
bucket,English (Australian)
money,English (Australian)
soap,English (Australian)
crib,English (Australian)
pillow,English (Australian)
refrigerator,English (Australian)
stairs,English (Australian)
table,English (Australian)
grass,English (Australian)
pool,English (Australian)
sky,English (Australian)
helicopter,English (Australian)
motorcycle,English (Australian)
play dough,English (Australian)
present,English (Australian)
puzzle,English (Australian)
corn,English (Australian)
food,English (Australian)
noodles,English (Australian)
pizza,English (Australian)
potato,English (Australian)
spaghetti,English (Australian)
peas,English (Australian)
sweater,English (Australian)
shirt,English (Australian)
sunglasses,English (Australian)
breast,English (Australian)
cheek,English (Australian)
broom,English (Australian)
knife,English (Australian)
scissors,English (Australian)
paper,English (Australian)
photo,English (Australian)
computer,English (Australian)
kitchen,English (Australian)
potty,English (Australian)
window,English (Australian)
rock (object),English (Australian)
slide (object),English (Australian)
stick,English (Australian)
animal,English (Australian)
ant,English (Australian)
owl,English (Australian)
penguin,English (Australian)
koala,English (Australian)
zebra,English (Australian)
firetruck,English (Australian)
tractor,English (Australian)
butter,English (Australian)
coffee,English (Australian)
ice,English (Australian)
meat,English (Australian)
dress (object),English (Australian)
shorts,English (Australian)
slipper,English (Australian)
underpants,English (Australian)
zipper,English (Australian)
lip,English (Australian)
neck,English (Australian)
basket,English (Australian)
camera,English (Australian)
medicine,English (Australian)
picture,English (Australian)
watch (object),English (Australian)
bathroom,English (Australian)
bedroom,English (Australian)
couch,English (Australian)
high chair,English (Australian)
room,English (Australian)
cloud,English (Australian)
garden,English (Australian)
wind,English (Australian)
bug,English (Australian)
crayon,English (Australian)
game,English (Australian)
beans,English (Australian)
cereal,English (Australian)
jam,English (Australian)
pumpkin,English (Australian)
soup,English (Australian)
jeans,English (Australian)
nail (body part),English (Australian)
glass,English (Australian)
hammer,English (Australian)
purse,English (Australian)
vacuum,English (Australian)
oven,English (Australian)
sink,English (Australian)
washing machine,English (Australian)
hose,English (Australian)
sandbox,English (Australian)
donkey,English (Australian)
bat (object),English (Australian)
popcorn,English (Australian)
pastry,English (Australian)
pancake,English (Australian)
peanut butter,English (Australian)
belt,English (Australian)
necklace,English (Australian)
shoulder,English (Australian)
plant,English (Australian)
drawer,English (Australian)
garage,English (Australian)
backyard,English (Australian)
ladder,English (Australian)
lawn mower,English (Australian)
roof,English (Australian)
wall,English (Australian)
lamb,English (Australian)
glue (object),English (Australian)
hamburger,English (Australian)
mango,English (Australian)
muffin,English (Australian)
nut,English (Australian)
pineapple,English (Australian)
coat,English (Australian)
living room,English (Australian)
flag,English (Australian)
stone,English (Australian)
goose,English (Australian)
pony,English (Australian)
cockroach,English (Australian)
raisin,English (Australian)
salt,English (Australian)
pudding,English (Australian)
sandal,English (Australian)
mop (object),English (Australian)
radio,English (Australian)
tape (object),English (Australian)
comb (object),English (Australian)
shed,English (Australian)
street,English (Australian)
waves,English (Australian)
car,Cantonese
cat,Cantonese
fish (animal),Cantonese
water (beverage),Cantonese
biscuit,Cantonese
fish (food),Cantonese
shoe,Cantonese
rice,Cantonese
vegetable,Cantonese
pen,Cantonese
bird,Cantonese
cup,Cantonese
water (not beverage),Cantonese
flower,Cantonese
diaper,Cantonese
nose,Cantonese
hand,Cantonese
leg,Cantonese
butt,Cantonese
egg,Cantonese
noodles,Cantonese
orange (food),Cantonese
candy,Cantonese
book,Cantonese
light (object),Cantonese
rain,Cantonese
sock,Cantonese
clothes,Cantonese
pants,Cantonese
head,Cantonese
eye,Cantonese
mouth,Cantonese
soup,Cantonese
banana,Cantonese
apple,Cantonese
chicken (animal),Cantonese
horse,Cantonese
bus,Cantonese
spoon,Cantonese
telephone,Cantonese
blanket,Cantonese
money,Cantonese
hat,Cantonese
face,Cantonese
ear,Cantonese
door,Cantonese
tv,Cantonese
cake,Cantonese
meat,Cantonese
ice cream,Cantonese
song,Cantonese
bear,Cantonese
airplane,Cantonese
boat,Cantonese
taxi,Cantonese
watch (object),Cantonese
comb (object),Cantonese
paper,Cantonese
bag,Cantonese
key,Cantonese
tree,Cantonese
umbrella,Cantonese
hair,Cantonese
tooth,Cantonese
bed,Cantonese
chair,Cantonese
juice,Cantonese
french fries,Cantonese
shrimp,Cantonese
grapes,Cantonese
doll,Cantonese
duck,Cantonese
pig,Cantonese
bunny,Cantonese
bowl,Cantonese
pillow,Cantonese
toothbrush,Cantonese
towel,Cantonese
glasses,Cantonese
trash,Cantonese
tummy,Cantonese
room,Cantonese
window,Cantonese
table,Cantonese
fan,Cantonese
elevator,Cantonese
tea,Cantonese
coke,Cantonese
sausage,Cantonese
corn,Cantonese
melon,Cantonese
beans,Cantonese
watermelon,Cantonese
chocolate,Cantonese
turtle,Cantonese
cow,Cantonese
bug,Cantonese
mosquito,Cantonese
bicycle,Cantonese
bottle,Cantonese
chopstick,Cantonese
fork,Cantonese
knife,Cantonese
medicine,Cantonese
tissue,Cantonese
slide (object),Cantonese
street,Cantonese
finger,Cantonese
bathroom,Cantonese
mirror,Cantonese
refrigerator,Cantonese
floor,Cantonese
food,Cantonese
gun,Cantonese
toy (object),Cantonese
elephant,Cantonese
monkey,Cantonese
mouse,Cantonese
butterfly,Cantonese
train,Cantonese
plate,Cantonese
scissors,Cantonese
wind,Cantonese
sun,Cantonese
star,Cantonese
moon,Cantonese
slipper,Cantonese
kitchen,Cantonese
couch,Cantonese
stairs,Cantonese
macaroni,Cantonese
carrot,Cantonese
mushroom,Cantonese
sticker,Cantonese
lion,Cantonese
ant,Cantonese
minibus,Cantonese
pacifier,Cantonese
clock,Cantonese
toothpaste,Cantonese
box,Cantonese
grass,Cantonese
carousel,Cantonese
swing (object),Cantonese
button,Cantonese
tongue,Cantonese
neck,Cantonese
toe,Cantonese
closet,Cantonese
stroller,Cantonese
soda,Cantonese
chicken (food),Cantonese
tomato,Cantonese
tofu,Cantonese
nut,Cantonese
fruit,Cantonese
mango,Cantonese
jello,Cantonese
blocks,Cantonese
wheel,Cantonese
story,Cantonese
frog,Cantonese
snake,Cantonese
sheep,Cantonese
tiger,Cantonese
giraffe,Cantonese
cockroach,Cantonese
motorcycle,Cantonese
camera,Cantonese
battery,Cantonese
basin,Cantonese
newspaper,Cantonese
rope,Cantonese
wallet,Cantonese
broom,Cantonese
leaf,Cantonese
sky,Cantonese
sea,Cantonese
road,Cantonese
coat,Cantonese
skirt,Cantonese
zipper,Cantonese
nail (body part),Cantonese
belly button,Cantonese
computer,Cantonese
air conditioner,Cantonese
hamburger,Cantonese
crab,Cantonese
pear,Cantonese
cook,Cantonese
panda,Cantonese
bee,Cantonese
dinosaur,Cantonese
police car,Cantonese
pot,Cantonese
teapot,Cantonese
picture,Cantonese
hanger,Cantonese
bucket,Cantonese
sand,Cantonese
stone,Cantonese
cloud,Cantonese
mountain,Cantonese
sneaker,Cantonese
underpants,Cantonese
necklace,Cantonese
back (body part),Cantonese
piano,Cantonese
washing machine,Cantonese
crib,Cantonese
bun,Cantonese
chips,Cantonese
pork,Cantonese
ham,Cantonese
sauce,Cantonese
microphone,Cantonese
bell,Cantonese
present,Cantonese
animal,Cantonese
truck,Cantonese
firetruck,Cantonese
brush (object),Cantonese
soap,Cantonese
thunder,Cantonese
tunnel,Cantonese
pool,Cantonese
fountain,Cantonese
bib,Cantonese
chin,Cantonese
shoulder,Cantonese
living room,Cantonese
drawer,Cantonese
faucet,Cantonese
ball,Catalan
cookie,Catalan
shoe,Catalan
bottle,Catalan
head,Catalan
hand,Catalan
nose,Catalan
cat,Catalan
dog,Catalan
fish (animal),Catalan
car,Catalan
motorcycle,Catalan
doll,Catalan
yogurt,Catalan
potato,Catalan
mouth,Catalan
foot,Catalan
eye,Catalan
pacifier,Catalan
snail,Catalan
horse,Catalan
cow,Catalan
airplane,Catalan
bicycle,Catalan
train,Catalan
book,Catalan
balloon,Catalan
fish (food),Catalan
apple,Catalan
butt,Catalan
finger,Catalan
ear,Catalan
keys,Catalan
flower,Catalan
moon,Catalan
ground,Catalan
elephant,Catalan
hen,Catalan
lion,Catalan
truck,Catalan
shovel,Catalan
milk,Catalan
banana,Catalan
soup,Catalan
juice,Catalan
chocolate,Catalan
sock,Catalan
hair,Catalan
leg,Catalan
tooth,Catalan
spoon,Catalan
glass,Catalan
paper,Catalan
chair,Catalan
bed,Catalan
light,Catalan
duck,Catalan
bunny,Catalan
bird,Catalan
pig,Catalan
turtle,Catalan
boat,Catalan
rice,Catalan
meat,Catalan
cheese,Catalan
pear,Catalan
ham,Catalan
diaper,Catalan
pants,Catalan
pajamas,Catalan
bib,Catalan
arm,Catalan
fork,Catalan
plate,Catalan
phone,Catalan
door,Catalan
table,Catalan
tree,Catalan
star,Catalan
slide (object),Catalan
worm,Catalan
monkey,Catalan
fly (animal),Catalan
bear,Catalan
sheep,Catalan
butterfly,Catalan
bus,Catalan
pencil,Catalan
macaroni,Catalan
olive,Catalan
egg,Catalan
orange,Catalan
cap,Catalan
sweater,Catalan
glasses,Catalan
tongue,Catalan
belly button,Catalan
pillow,Catalan
paint (object),Catalan
watch (object),Catalan
soap,Catalan
bathtub,Catalan
kitchen,Catalan
ladder,Catalan
sofa,Catalan
tv,Catalan
sky,Catalan
fire,Catalan
leaf,Catalan
stone,Catalan
rain,Catalan
sand,Catalan
ant,Catalan
giraffe,Catalan
frog,Catalan
mouse,Catalan
tiger,Catalan
tractor,Catalan
box,Catalan
toy (object),Catalan
drum,Catalan
snack,Catalan
candy,Catalan
fruit,Catalan
ice cream,Catalan
tomato,Catalan
button,Catalan
underpants,Catalan
glove,Catalan
neck,Catalan
broom,Catalan
sponge,Catalan
knife,Catalan
potty,Catalan
patio,Catalan
toilet,Catalan
cloud,Catalan
bee,Catalan
insect,Catalan
donkey,Catalan
dolphin,Catalan
ladybug,Catalan
snake,Catalan
guitar,Catalan
cake,Catalan
croquette,Catalan
spaghetti,Catalan
strawberry,Catalan
orange (food),Catalan
chicken (food),Catalan
sausage,Catalan
sugar,Catalan
lollipop,Catalan
hat,Catalan
boots,Catalan
scarf,Catalan
umbrella,Catalan
slipper,Catalan
blanket,Catalan
mirror,Catalan
scissors,Catalan
towel,Catalan
drawer,Catalan
shower,Catalan
window,Catalan
room,Catalan
sink,Catalan
refrigerator,Catalan
snow,Catalan
wind,Catalan
animal,Catalan
spider,Catalan
penguin,Catalan
bucket,Catalan
trumpet,Catalan
coffee,Catalan
cereal,Catalan
croissant,Catalan
noodles,Catalan
melon,Catalan
carrot,Catalan
puree,Catalan
grapes,Catalan
salt,Catalan
coat,Catalan
swimsuit,Catalan
clothing,Catalan
shirt,Catalan
back,Catalan
battery,Catalan
brush (object),Catalan
wardrobe,Catalan
elevator,Catalan
dining room,Catalan
washing machine,Catalan
river,Catalan
doorbell,Catalan
ambulance,Catalan
crane,Catalan
helicopter,Catalan
puzzle,Catalan
sandwich,Catalan
hamburger,Catalan
lemon,Catalan
knee,Catalan
lip,Catalan
penis,Catalan
garbage,Catalan
cup,Catalan
shampoo,Catalan
bathroom,Catalan
high chair,Catalan
grass,Catalan
garden,Catalan
plant,Catalan
bridge,Catalan
watering can,Catalan
camel,Catalan
hippopotamus,Catalan
bull,Catalan
zebra,Catalan
skate (object),Catalan
card,Catalan
lettuce,Catalan
pasta,Catalan
peas,Catalan
watermelon,Catalan
belt,Catalan
skirt,Catalan
beard,Catalan
faucet,Catalan
basket,Catalan
sheet,Catalan
radio,Catalan
balcony,Catalan
bank,Catalan
swing (object),Catalan
dinosaur,Catalan
cart,Catalan
marker,Catalan
onion,Catalan
beans,Catalan
dessert,Catalan
toast,Catalan
tracksuit,Catalan
elbow,Catalan
cheek,Catalan
vagina,Catalan
hammer,Catalan
medicine,Catalan
pot,Catalan
pan,Catalan
garage,Catalan
stool,Catalan
hose,Catalan
sidewalk,Catalan
fireplace,Catalan
tea,Japanese
banana,Japanese
bread,Japanese
shoe,Japanese
hand,Japanese
eye,Japanese
dog,Japanese
car,Japanese
bus,Japanese
ball,Japanese
milk,Japanese
leg,Japanese
elephant,Japanese
butterfly,Japanese
cat,Japanese
train,Japanese
strawberry,Japanese
juice,Japanese
apple,Japanese
sock,Japanese
hat,Japanese
head,Japanese
breast,Japanese
nose,Japanese
ear,Japanese
rain,Japanese
leaf,Japanese
fish (animal),Japanese
panda,Japanese
rice,Japanese
tomato,Japanese
carrot,Japanese
grapes,Japanese
diaper,Japanese
buttocks,Japanese
tummy,Japanese
mouth,Japanese
chair,Japanese
ant,Japanese
rabbit,Japanese
frog,Japanese
crab,Japanese
giraffe,Japanese
bear,Japanese
airplane,Japanese
ice cream,Japanese
noodles,Japanese
fish (food),Japanese
orange (food),Japanese
water (beverage),Japanese
bath,Japanese
umbrella,Japanese
cup,Japanese
spoon,Japanese
flower,Japanese
turtle,Japanese
monkey,Japanese
bird,Japanese
pig,Japanese
penguin,Japanese
lion,Japanese
firetruck,Japanese
book,Japanese
balloon,Japanese
sweets,Japanese
cake,Japanese
watermelon,Japanese
jelly,Japanese
egg,Japanese
cheese,Japanese
peach,Japanese
yogurt,Japanese
pants,Japanese
belly button,Japanese
face,Japanese
tooth,Japanese
tv,Japanese
toilet,Japanese
fork,Japanese
stone,Japanese
horse,Japanese
bug,Japanese
bicycle,Japanese
truck,Japanese
police car,Japanese
ship,Japanese
toy (object),Japanese
sweet potato,Japanese
pumpkin,Japanese
cucumber,Japanese
soup,Japanese
meat,Japanese
hamburger,Japanese
shorts,Japanese
penis,Japanese
hair,Japanese
cheek,Japanese
dish,Japanese
tissue,Japanese
toothbrush,Japanese
glasses,Japanese
moon,Japanese
slide (object),Japanese
star,Japanese
cow,Japanese
shrimp,Japanese
mouse,Japanese
snake,Japanese
bubbles,Japanese
tofu,Japanese
donut,Japanese
nail (finger),Japanese
stairs,Japanese
key,Japanese
medicine,Japanese
towel,Japanese
telephone,Japanese
chopstick,Japanese
swing (object),Japanese
hippopotamus,Japanese
crow,Japanese
koala,Japanese
gorilla,Japanese
bee,Japanese
pigeon,Japanese
crocodile,Japanese
motorcycle,Japanese
crayon,Japanese
blocks,Japanese
pen,Japanese
cookie,Japanese
ice,Japanese
corn,Japanese
cracker,Japanese
radish,Japanese
pudding,Japanese
beans,Japanese
melon,Japanese
pajamas,Japanese
finger,Japanese
shower,Japanese
door,Japanese
bag,Japanese
clock,Japanese
scissors,Japanese
tree,Japanese
pool,Japanese
duck,Japanese
fox,Japanese
tiger,Japanese
sheep,Japanese
chick,Japanese
squirrel,Japanese
helicopter,Japanese
drum,Japanese
puzzle,Japanese
spaghetti,Japanese
chocolate,Japanese
eggplant,Japanese
ham,Japanese
pancake,Japanese
vegetable,Japanese
boots,Japanese
button,Japanese
back,Japanese
table,Japanese
light,Japanese
refrigerator,Japanese
money,Japanese
paper,Japanese
trash can,Japanese
straw,Japanese
pillow,Japanese
sun,Japanese
wind,Japanese
cloud,Japanese
sandbox,Japanese
sky,Japanese
snow,Japanese
whale,Japanese
zebra,Japanese
pencil,Japanese
doll,Japanese
candy,Japanese
coffee,Japanese
sandwich,Japanese
pear,Japanese
slipper,Japanese
forehead,Japanese
shoulder,Japanese
neck,Japanese
tail,Japanese
curtain,Japanese
window,Japanese
camera,Japanese
vacuum cleaner,Japanese
animal,Japanese
chicken,Japanese
clay,Japanese
shirt,Japanese
gloves,Japanese
piano,Japanese
room,Japanese
picture,Japanese
tape,Japanese
grass,Japanese
wolf,Japanese
glue (object),Japanese
present,Japanese
jam,Japanese
spinach,Japanese
chips,Japanese
apron,Japanese
clothes,Japanese
ribbon,Japanese
tongue,Japanese
fan,Japanese
bed,Japanese
shampoo,Japanese
soap,Japanese
battery,Japanese
bucket,Japanese
box,Japanese
knife,Japanese
river,Japanese
road,Japanese
snowman,Japanese
skirt,Japanese
chin,Japanese
eyebrow,Japanese
wallet,Japanese
pan,Japanese
blanket,Japanese
shovel,Japanese
game,Japanese
persimmon,Japanese
hair dryer,Japanese
basket,Japanese
handkerchief,Japanese
tricycle,Japanese
soy sauce,Japanese
butter,Japanese
kitchen,Japanese
parking lot,Japanese
comb (object),Japanese
bowl,Japanese
microphone,Japanese
garden,Japanese
roof,Japanese
zipper,Japanese
branch,Japanese
car,Turkish
milk,Turkish
cat,Turkish
bird,Turkish
tea,Turkish
shoe,Turkish
hand,Turkish
dog,Turkish
balloon,Turkish
bread,Turkish
foot,Turkish
nose,Turkish
eye,Turkish
hair,Turkish
horse,Turkish
pen/pencil,Turkish
apple,Turkish
banana,Turkish
diaper,Turkish
mouth,Turkish
tooth,Turkish
glasses,Turkish
door,Turkish
flower,Turkish
fish (animal),Turkish
toy (object),Turkish
fish (food),Turkish
chocolate,Turkish
soup,Turkish
meat,Turkish
cake,Turkish
candy,Turkish
sock,Turkish
hat,Turkish
hair clip,Turkish
head,Turkish
tongue,Turkish
ear,Turkish
butt,Turkish
spoon,Turkish
telephone,Turkish
bear,Turkish
bug,Turkish
cow,Turkish
airplane,Turkish
book,Turkish
soda,Turkish
pasta,Turkish
rice,Turkish
gum,Turkish
yogurt,Turkish
egg,Turkish
slipper,Turkish
leg,Turkish
tummy,Turkish
arm,Turkish
finger,Turkish
purse,Turkish
fork,Turkish
trash,Turkish
clock,Turkish
plate,Turkish
bathroom,Turkish
table,Turkish
tv,Turkish
pillow,Turkish
tree,Turkish
donkey,Turkish
chicken (animal),Turkish
lamb,Turkish
bicycle,Turkish
crayon,Turkish
yogurt drink,Turkish
cracker,Turkish
tomato,Turkish
ice cream,Turkish
watermelon,Turkish
potato,Turkish
cheese,Turkish
food,Turkish
olive,Turkish
cheek,Turkish
key,Turkish
mirror,Turkish
knife,Turkish
bottle,Turkish
remote control,Turkish
lamp,Turkish
comb (object),Turkish
bed,Turkish
moon,Turkish
swing (object),Turkish
rock (object),Turkish
rain,Turkish
bee,Turkish
monkey,Turkish
fly (animal),Turkish
bunny,Turkish
notebook,Turkish
whistle (object),Turkish
pear,Turkish
honey,Turkish
chips,Turkish
strawberry,Turkish
meatball,Turkish
pretzel,Turkish
grapes,Turkish
dress (object),Turkish
pants,Turkish
fingernail,Turkish
face,Turkish
pacifier,Turkish
medicine,Turkish
paper,Turkish
napkin,Turkish
picture,Turkish
soap,Turkish
iron (object),Turkish
cupboard,Turkish
radiator,Turkish
armchair,Turkish
kitchen,Turkish
window,Turkish
potty,Turkish
sun,Turkish
sheep,Turkish
truck,Turkish
bus,Turkish
train,Turkish
pastry,Turkish
fruit,Turkish
corn,Turkish
orange (food),Turkish
cucumber,Turkish
salt,Turkish
pocket,Turkish
underpants,Turkish
skirt,Turkish
chin,Turkish
towel,Turkish
tissue,Turkish
curtain,Turkish
vacuum,Turkish
porch,Turkish
stairs,Turkish
room,Turkish
chair,Turkish
bell,Turkish
fire,Turkish
garden,Turkish
snow,Turkish
sand,Turkish
road,Turkish
lion,Turkish
mouse,Turkish
elephant,Turkish
animal,Turkish
rooster,Turkish
ant,Turkish
duck,Turkish
drum (object),Turkish
bucket,Turkish
cherry,Turkish
lemon,Turkish
sweater,Turkish
earring,Turkish
pajamas,Turkish
throat,Turkish
neck,Turkish
knee,Turkish
blanket,Turkish
computer,Turkish
refrigerator,Turkish
flag,Turkish
wall,Turkish
street,Turkish
soil,Turkish
leaf,Turkish
boat,Turkish
shovel,Turkish
story,Turkish
kite,Turkish
nut,Turkish
coffee,Turkish
tangerine,Turkish
pomegranate,Turkish
jam,Turkish
onion,Turkish
sausage,Turkish
toast,Turkish
glove,Turkish
jacket,Turkish
shorts,Turkish
mustache,Turkish
eyelash,Turkish
teapot,Turkish
umbrella,Turkish
oven,Turkish
stove,Turkish
living room,Turkish
coffee table,Turkish
cloud,Turkish
mud,Turkish
grass,Turkish
wheel,Turkish
dust,Turkish
goat,Turkish
frog,Turkish
blocks,Turkish
beans,Turkish
apricot,Turkish
cookie,Turkish
bracelet,Turkish
belt,Turkish
bib,Turkish
headband,Turkish
t-shirt,Turkish
cotton,Turkish
smoke,Turkish
photo,Turkish
slide (object),Turkish
wood,Turkish
camel,Turkish
spider,Turkish
motorcycle,Turkish
puzzle,Turkish
robot,Turkish
ketchup,Turkish
chickpea,Turkish
salami,Turkish
boots,Turkish
bandaid,Turkish
radio,Turkish
yard,Turkish
mountain,Turkish
accident,Turkish
bridge,Turkish
crow,Turkish
wolf,Turkish
stork,Turkish
parrot,Turkish
helicopter,Turkish
spinach,Turkish
pizza,Turkish
heart,Turkish
body,Turkish
shower,Turkish
stick,Turkish
deer,Turkish
tiger,Turkish
squirrel,Turkish
crocodile,Turkish
giraffe,Turkish
ambulance,Turkish
firetruck,Turkish
kayak,Turkish
tractor,Turkish
puppet,Turkish
gun,Turkish
tracksuit,Turkish
tights,Turkish
hammer,Turkish
earth,Turkish
lake,Turkish
owl,Turkish
pig,Turkish
eagle,Turkish
pudding,Turkish
coat,Turkish
traffic,Turkish
zebra,Turkish
tarhana,Turkish
blouse,Turkish
carpet,Turkish
garage,Turkish
dog,Spanish (Mexican)
car,Spanish (Mexican)
soup,Spanish (Mexican)
balloon,Spanish (Mexican)
ball,Spanish (Mexican)
cat,Spanish (Mexican)
cookie,Spanish (Mexican)
potato,Spanish (Mexican)
mouth,Spanish (Mexican)
hand,Spanish (Mexican)
diaper,Spanish (Mexican)
eye,Spanish (Mexican)
horse,Spanish (Mexican)
egg,Spanish (Mexican)
juice,Spanish (Mexican)
chicken (food),Spanish (Mexican)
head,Spanish (Mexican)
nose,Spanish (Mexican)
hair,Spanish (Mexican)
foot,Spanish (Mexican)
bottle,Spanish (Mexican)
light (object),Spanish (Mexican)
bed,Spanish (Mexican)
chair,Spanish (Mexican)
duck,Spanish (Mexican)
airplane,Spanish (Mexican)
meat,Spanish (Mexican)
food,Spanish (Mexican)
candy,Spanish (Mexican)
lollipop,Spanish (Mexican)
banana,Spanish (Mexican)
soda,Spanish (Mexican)
sock,Spanish (Mexican)
finger,Spanish (Mexican)
tooth,Spanish (Mexican)
tummy,Spanish (Mexican)
trash,Spanish (Mexican)
soap,Spanish (Mexican)
plate,Spanish (Mexican)
bathroom,Spanish (Mexican)
table,Spanish (Mexican)
cow,Spanish (Mexican)
bird,Spanish (Mexican)
bear,Spanish (Mexican)
train,Spanish (Mexican)
chili,Spanish (Mexican)
chocolate,Spanish (Mexican)
apple,Spanish (Mexican)
taco,Spanish (Mexican)
tortilla,Spanish (Mexican)
underpants,Spanish (Mexican)
face,Spanish (Mexican)
tongue,Spanish (Mexican)
ear,Spanish (Mexican)
paper,Spanish (Mexican)
pen/pencil,Spanish (Mexican)
teddybear,Spanish (Mexican)
brush (object),Spanish (Mexican)
spoon,Spanish (Mexican)
money,Spanish (Mexican)
key,Spanish (Mexican)
telephone,Spanish (Mexican)
glass,Spanish (Mexican)
moon,Spanish (Mexican)
sun,Spanish (Mexican)
door,Spanish (Mexican)
tv,Spanish (Mexican)
chick,Spanish (Mexican)
spider,Spanish (Mexican)
motorcycle,Spanish (Mexican)
rice,Spanish (Mexican)
gum,Spanish (Mexican)
beans,Spanish (Mexican)
jelly,Spanish (Mexican)
ham,Spanish (Mexican)
orange (food),Spanish (Mexican)
cake,Spanish (Mexican)
cheese,Spanish (Mexican)
salt,Spanish (Mexican)
grapes,Spanish (Mexican)
pants,Spanish (Mexican)
breast,Spanish (Mexican)
toy (object),Spanish (Mexican)
doll,Spanish (Mexican)
purse,Spanish (Mexican)
bag,Spanish (Mexican)
photo,Spanish (Mexican)
comb (object),Spanish (Mexican)
tree,Spanish (Mexican)
flower,Spanish (Mexican)
stick,Spanish (Mexican)
fly (animal),Spanish (Mexican)
hen,Spanish (Mexican)
elephant,Spanish (Mexican)
bunny,Spanish (Mexican)
bicycle,Spanish (Mexican)
sugar,Spanish (Mexican)
hat,Spanish (Mexican)
clothes,Spanish (Mexican)
sweater,Spanish (Mexican)
arm,Spanish (Mexican)
pillow,Spanish (Mexican)
box,Spanish (Mexican)
toothbrush,Spanish (Mexican)
broom,Spanish (Mexican)
medicine,Spanish (Mexican)
cup,Spanish (Mexican)
shampoo,Spanish (Mexican)
kitchen,Spanish (Mexican)
crib,Spanish (Mexican)
window,Spanish (Mexican)
mouse,Spanish (Mexican)
lion,Spanish (Mexican)
ant,Spanish (Mexican)
donkey,Spanish (Mexican)
animal,Spanish (Mexican)
coffee,Spanish (Mexican)
ice cream,Spanish (Mexican)
chips,Spanish (Mexican)
hot dog,Spanish (Mexican)
yogurt,Spanish (Mexican)
button,Spanish (Mexican)
shirt,Spanish (Mexican)
glasses,Spanish (Mexican)
butt,Spanish (Mexican)
belly button,Spanish (Mexican)
leg,Spanish (Mexican)
colors,Spanish (Mexican)
book,Spanish (Mexican)
pacifier,Spanish (Mexican)
blanket,Spanish (Mexican)
knife,Spanish (Mexican)
watch (object),Spanish (Mexican)
towel,Spanish (Mexican)
sky,Spanish (Mexican)
rain,Spanish (Mexican)
rock (object),Spanish (Mexican)
soil,Spanish (Mexican)
room,Spanish (Mexican)
bathtub,Spanish (Mexican)
fish (animal),Spanish (Mexican)
monkey,Spanish (Mexican)
corn,Spanish (Mexican)
melon,Spanish (Mexican)
slipper,Spanish (Mexican)
dress (object),Spanish (Mexican)
cheek,Spanish (Mexican)
knee,Spanish (Mexican)
boots,Spanish (Mexican)
bib,Spanish (Mexican)
tray,Spanish (Mexican)
mirror,Spanish (Mexican)
toothpaste,Spanish (Mexican)
radio,Spanish (Mexican)
napkin,Spanish (Mexican)
scissors,Spanish (Mexican)
swing (object),Spanish (Mexican)
star,Spanish (Mexican)
grass,Spanish (Mexican)
stairs,Spanish (Mexican)
frog,Spanish (Mexican)
butterfly,Spanish (Mexican)
truck,Spanish (Mexican)
boat,Spanish (Mexican)
tuna,Spanish (Mexican)
strawberry,Spanish (Mexican)
ice,Spanish (Mexican)
popcorn,Spanish (Mexican)
fish (food),Spanish (Mexican)
pajamas,Spanish (Mexican)
shorts,Spanish (Mexican)
lip,Spanish (Mexican)
painting,Spanish (Mexican)
pen,Spanish (Mexican)
tricycle,Spanish (Mexican)
earring,Spanish (Mexican)
iron (object),Spanish (Mexican)
fork,Spanish (Mexican)
cloth,Spanish (Mexican)
leaf,Spanish (Mexican)
cloud,Spanish (Mexican)
plant,Spanish (Mexican)
wind,Spanish (Mexican)
drawer,Spanish (Mexican)
stove,Spanish (Mexican)
patio,Spanish (Mexican)
refrigerator,Spanish (Mexican)
living room,Spanish (Mexican)
couch,Spanish (Mexican)
turtle,Spanish (Mexican)
pig,Spanish (Mexican)
wolf,Spanish (Mexican)
peanut,Spanish (Mexican)
quesadilla,Spanish (Mexican)
watermelon,Spanish (Mexican)
tea,Spanish (Mexican)
carrot,Spanish (Mexican)
skirt,Spanish (Mexican)
glove,Spanish (Mexican)
t-shirt,Spanish (Mexican)
camera,Spanish (Mexican)
tape (object),Spanish (Mexican)
matches,Spanish (Mexican)
pot,Spanish (Mexican)
candle,Spanish (Mexican)
flag,Spanish (Mexican)
slide (object),Spanish (Mexican)
potty,Spanish (Mexican)
bench,Spanish (Mexican)
washing machine,Spanish (Mexican)
shower,Spanish (Mexican)
snake,Spanish (Mexican)
mosquito,Spanish (Mexican)
giraffe,Spanish (Mexican)
seal (animal),Spanish (Mexican)
lamb,Spanish (Mexican)
atole,Spanish (Mexican)
pumpkin,Spanish (Mexican)
cereal,Spanish (Mexican)
raisin,Spanish (Mexican)
sauce,Spanish (Mexican)
sandwich,Spanish (Mexican)
tights,Spanish (Mexican)
mustache,Spanish (Mexican)
throat,Spanish (Mexican)
shoulder,Spanish (Mexican)
penis,Spanish (Mexican)
crayon,Spanish (Mexican)
clay,Spanish (Mexican)
lamp,Spanish (Mexican)
flower pot,Spanish (Mexican)
hose,Spanish (Mexican)
roof,Spanish (Mexican)
closet,Spanish (Mexican)
ball,Russian
banana,Russian
porridge,Russian
juice,Russian
soup,Russian
tea,Russian
apple,Russian
eye,Russian
nose,Russian
cat,Russian
stroller,Russian
balloon,Russian
bun,Russian
slipper,Russian
hat,Russian
leg,Russian
belly button,Russian
butterfly,Russian
car,Russian
book,Russian
shovel,Russian
water (beverage),Russian
candy,Russian
milk,Russian
cheese,Russian
bread,Russian
tights,Russian
arm,Russian
ear,Russian
spoon,Russian
soap,Russian
wolf,Russian
mouse,Russian
fish (animal),Russian
elephant,Russian
dog,Russian
toy (object),Russian
pen/pencil,Russian
blocks,Russian
pear,Russian
potato,Russian
sausage,Russian
meat,Russian
cookie,Russian
fish (food),Russian
egg,Russian
coat,Russian
sock,Russian
underpants,Russian
hair,Russian
head,Russian
tummy,Russian
tooth,Russian
finger,Russian
mouth,Russian
fork,Russian
potty,Russian
key,Russian
pillow,Russian
light (object),Russian
watch (object),Russian
door,Russian
chair,Russian
mud,Russian
puddle,Russian
stick,Russian
snow,Russian
flower,Russian
squirrel,Russian
hedgehog,Russian
beetle,Russian
chicken (animal),Russian
fox,Russian
frog,Russian
bear,Russian
fly (animal),Russian
monkey,Russian
bird,Russian
tiger,Russian
bus,Russian
bicycle,Russian
airplane,Russian
sled,Russian
bucket,Russian
orange (food),Russian
onion,Russian
pasta,Russian
butter,Russian
cucumber,Russian
boots,Russian
shirt,Russian
forehead,Russian
money,Russian
lamp,Russian
blanket,Russian
pacifier,Russian
purse,Russian
telephone,Russian
cup,Russian
bed,Russian
floor,Russian
tree,Russian
rain,Russian
fir,Russian
sun,Russian
crow,Russian
goose,Russian
cow,Russian
crocodile,Russian
lion,Russian
horse,Russian
turtle,Russian
tractor,Russian
pancake,Russian
cutlet,Russian
carrot,Russian
mitten,Russian
sweater,Russian
scarf,Russian
pants,Russian
lip,Russian
tongue,Russian
jar,Russian
trash,Russian
knife,Russian
plate,Russian
tv,Russian
bathtub,Russian
couch,Russian
table,Russian
bathroom,Russian
wind,Russian
rock (object),Russian
sand,Russian
grass,Russian
pigeon,Russian
snake,Russian
owl,Russian
duck,Russian
boat,Russian
train,Russian
paint (object),Russian
story,Russian
watermelon,Russian
mushroom,Russian
yogurt,Russian
cabbage,Russian
compote,Russian
chicken (food),Russian
tomato,Russian
sugar,Russian
cake,Russian
chocolate,Russian
berry,Russian
button,Russian
back (body part),Russian
cheek,Russian
paper,Russian
bottle,Russian
handkerchief,Russian
towel,Russian
comb (object),Russian
rag,Russian
iron (object),Russian
teapot,Russian
road,Russian
moon,Russian
sky,Russian
hippopotamus,Russian
giraffe,Russian
bunny,Russian
goat,Russian
mosquito,Russian
sheep,Russian
donkey,Russian
rooster,Russian
pig,Russian
chick,Russian
song,Russian
grapes,Russian
yogurt drink,Russian
ice cream,Russian
sour cream,Russian
salt,Russian
pajamas,Russian
dress (object),Russian
face,Russian
nail (body part),Russian
neck,Russian
picture,Russian
pot,Russian
box,Russian
scissors,Russian
vacuum,Russian
mirror,Russian
room,Russian
kitchen,Russian
stairs,Russian
elevator,Russian
closet,Russian
sparrow,Russian
piglet,Russian
locomotive,Russian
rake (object),Russian
brush (object),Russian
spade,Russian
top,Russian
coffee,Russian
tangerine,Russian
rice,Russian
cottage cheese,Russian
glove,Russian
eyebrow,Russian
wallet,Russian
hammer,Russian
glass,Russian
pill,Russian
refrigerator,Russian
shampoo,Russian
carpet,Russian
corridor,Russian
window,Russian
bench,Russian
cloud,Russian
helicopter,Russian
album,Russian
play dough,Russian
pie,Russian
shoe,Russian
shorts,Russian
broom,Russian
medicine,Russian
dish,Russian
washing machine,Russian
armchair,Russian
ice,Russian
frost,Russian
snowman,Russian
truck,Russian
glue (object),Russian
marker,Russian
mold,Russian
jam,Russian
vitamin,Russian
peas,Russian
food,Russian
raspberry,Russian
honey,Russian
plum,Russian
chips,Russian
lollipop,Russian
beads,Russian
snowsuit,Russian
knee,Russian
eyelash,Russian
nail (object),Russian
stove,Russian
dustpan,Russian
star,Russian
raisin,Russian
kiwi,Russian
beet,Russian
clothes,Russian
computer,Russian
basket,Russian
sink,Russian
camera,Russian
balcony,Russian
bush,Russian
puzzle,Russian
corn,Russian
palm,Russian
voice recorder,Russian
mop (object),Russian
furniture,Russian
icicle,Russian
firetruck,Russian
fruit,Russian
shoulder,Russian
coin,Russian
radio,Russian
oven,Russian
bicycle,Kiswahili
airplane,Kiswahili
doll,Kiswahili
chicken (food),Kiswahili
hair,Kiswahili
toothbrush,Kiswahili
broom,Kiswahili
rain,Kiswahili
balloon,Kiswahili
gum,Kiswahili
head,Kiswahili
penis,Kiswahili
bowl,Kiswahili
picture,Kiswahili
trash,Kiswahili
chair,Kiswahili
stick,Kiswahili
dress (object),Kiswahili
sock,Kiswahili
glass,Kiswahili
bed,Kiswahili
bag,Kiswahili
bucket,Kiswahili
stone,Kiswahili
flower,Kiswahili
peanut,Kiswahili
samosa,Kiswahili
soup,Kiswahili
ear,Kiswahili
key,Kiswahili
road,Kiswahili
shovel,Kiswahili
chicken (animal),Kiswahili
dog,Kiswahili
butter,Kiswahili
boots,Kiswahili
tooth,Kiswahili
brush (object),Kiswahili
pillow,Kiswahili
clock,Kiswahili
kitchen,Kiswahili
toilet,Kiswahili
pipe,Kiswahili
crow,Kiswahili
chalk,Kiswahili
rope,Kiswahili
sand,Kiswahili
sauce,Kiswahili
cassava,Kiswahili
popcorn,Kiswahili
push,Kiswahili
shirt,Kiswahili
face,Kiswahili
mat,Kiswahili
towel,Kiswahili
window,Kiswahili
sun,Kiswahili
hole,Kiswahili
mosquito,Kiswahili
snake,Kiswahili
bird,Kiswahili
tractor,Kiswahili
chocolate,Kiswahili
fish (food),Kiswahili
papaya,Kiswahili
shark,Kiswahili
pasta,Kiswahili
diaper,Kiswahili
sheet,Kiswahili
skirt,Kiswahili
sweater,Kiswahili
butt,Kiswahili
back (body part),Kiswahili
nose,Kiswahili
mug,Kiswahili
scissors,Kiswahili
spade,Kiswahili
swing (object),Kiswahili
tree,Kiswahili
sidewalk,Kiswahili
grass,Kiswahili
wind,Kiswahili
cat,Mandarin (Taiwanese)
fish (animal),Mandarin (Taiwanese)
shoe,Mandarin (Taiwanese)
diaper,Mandarin (Taiwanese)
flower,Mandarin (Taiwanese)
bird,Mandarin (Taiwanese)
hand,Mandarin (Taiwanese)
eye,Mandarin (Taiwanese)
foot,Mandarin (Taiwanese)
rice,Mandarin (Taiwanese)
duck,Mandarin (Taiwanese)
ear,Mandarin (Taiwanese)
mouth,Mandarin (Taiwanese)
nose,Mandarin (Taiwanese)
breast,Mandarin (Taiwanese)
noodles,Mandarin (Taiwanese)
pants,Mandarin (Taiwanese)
sock,Mandarin (Taiwanese)
hat,Mandarin (Taiwanese)
telephone,Mandarin (Taiwanese)
teddybear,Mandarin (Taiwanese)
chicken (animal),Mandarin (Taiwanese)
tummy,Mandarin (Taiwanese)
head,Mandarin (Taiwanese)
hair,Mandarin (Taiwanese)
butt,Mandarin (Taiwanese)
airplane,Mandarin (Taiwanese)
cookie,Mandarin (Taiwanese)
banana,Mandarin (Taiwanese)
egg,Mandarin (Taiwanese)
bread,Mandarin (Taiwanese)
apple,Mandarin (Taiwanese)
pen,Mandarin (Taiwanese)
book,Mandarin (Taiwanese)
medicine,Mandarin (Taiwanese)
chair,Mandarin (Taiwanese)
door,Mandarin (Taiwanese)
rain,Mandarin (Taiwanese)
pig,Mandarin (Taiwanese)
tooth,Mandarin (Taiwanese)
candy,Mandarin (Taiwanese)
soup,Mandarin (Taiwanese)
balloon,Mandarin (Taiwanese)
cup,Mandarin (Taiwanese)
toothbrush,Mandarin (Taiwanese)
tv,Mandarin (Taiwanese)
money,Mandarin (Taiwanese)
slide (object),Mandarin (Taiwanese)
horse,Mandarin (Taiwanese)
cow,Mandarin (Taiwanese)
bunny,Mandarin (Taiwanese)
elephant,Mandarin (Taiwanese)
sheep,Mandarin (Taiwanese)
butterfly,Mandarin (Taiwanese)
bug,Mandarin (Taiwanese)
face,Mandarin (Taiwanese)
train,Mandarin (Taiwanese)
meat,Mandarin (Taiwanese)
grapes,Mandarin (Taiwanese)
strawberry,Mandarin (Taiwanese)
pudding,Mandarin (Taiwanese)
cake,Mandarin (Taiwanese)
kefir,Mandarin (Taiwanese)
doll,Mandarin (Taiwanese)
toy (object),Mandarin (Taiwanese)
bubbles,Mandarin (Taiwanese)
spoon,Mandarin (Taiwanese)
key,Mandarin (Taiwanese)
bowl,Mandarin (Taiwanese)
glasses,Mandarin (Taiwanese)
tree,Mandarin (Taiwanese)
monkey,Mandarin (Taiwanese)
tiger,Mandarin (Taiwanese)
belly button,Mandarin (Taiwanese)
truck,Mandarin (Taiwanese)
motorcycle,Mandarin (Taiwanese)
bicycle,Mandarin (Taiwanese)
melon,Mandarin (Taiwanese)
corn,Mandarin (Taiwanese)
blanket,Mandarin (Taiwanese)
straw,Mandarin (Taiwanese)
trash,Mandarin (Taiwanese)
tissue,Mandarin (Taiwanese)
table,Mandarin (Taiwanese)
bed,Mandarin (Taiwanese)
umbrella,Mandarin (Taiwanese)
moon,Mandarin (Taiwanese)
ant,Mandarin (Taiwanese)
penguin,Mandarin (Taiwanese)
turtle,Mandarin (Taiwanese)
frog,Mandarin (Taiwanese)
mosquito,Mandarin (Taiwanese)
mouse,Mandarin (Taiwanese)
penis,Mandarin (Taiwanese)
finger,Mandarin (Taiwanese)
boat,Mandarin (Taiwanese)
vegetable,Mandarin (Taiwanese)
chocolate,Mandarin (Taiwanese)
slipper,Mandarin (Taiwanese)
sticker,Mandarin (Taiwanese)
pillow,Mandarin (Taiwanese)
chopstick,Mandarin (Taiwanese)
towel,Mandarin (Taiwanese)
comb (object),Mandarin (Taiwanese)
paper,Mandarin (Taiwanese)
lamp,Mandarin (Taiwanese)
toilet,Mandarin (Taiwanese)
stairs,Mandarin (Taiwanese)
rock (object),Mandarin (Taiwanese)
sun,Mandarin (Taiwanese)
star,Mandarin (Taiwanese)
lion,Mandarin (Taiwanese)
giraffe,Mandarin (Taiwanese)
shrimp,Mandarin (Taiwanese)
eyebrow,Mandarin (Taiwanese)
bus,Mandarin (Taiwanese)
carrot,Mandarin (Taiwanese)
ice cream,Mandarin (Taiwanese)
juice,Mandarin (Taiwanese)
sugar,Mandarin (Taiwanese)
french fries,Mandarin (Taiwanese)
jacket,Mandarin (Taiwanese)
button,Mandarin (Taiwanese)
blocks,Mandarin (Taiwanese)
garbage,Mandarin (Taiwanese)
mirror,Mandarin (Taiwanese)
purse,Mandarin (Taiwanese)
refrigerator,Mandarin (Taiwanese)
scissors,Mandarin (Taiwanese)
fan,Mandarin (Taiwanese)
remote control,Mandarin (Taiwanese)
potty,Mandarin (Taiwanese)
computer,Mandarin (Taiwanese)
room,Mandarin (Taiwanese)
crab,Mandarin (Taiwanese)
tongue,Mandarin (Taiwanese)
neck,Mandarin (Taiwanese)
nail (body part),Mandarin (Taiwanese)
digger,Mandarin (Taiwanese)
guava,Mandarin (Taiwanese)
fruit,Mandarin (Taiwanese)
tomato,Mandarin (Taiwanese)
orange (food),Mandarin (Taiwanese)
tea,Mandarin (Taiwanese)
tangerine,Mandarin (Taiwanese)
vest,Mandarin (Taiwanese)
broom,Mandarin (Taiwanese)
clock,Mandarin (Taiwanese)
toothpaste,Mandarin (Taiwanese)
dryer,Mandarin (Taiwanese)
camera,Mandarin (Taiwanese)
photo,Mandarin (Taiwanese)
window,Mandarin (Taiwanese)
leaf,Mandarin (Taiwanese)
swing (object),Mandarin (Taiwanese)
bee,Mandarin (Taiwanese)
snake,Mandarin (Taiwanese)
ambulance,Mandarin (Taiwanese)
porridge,Mandarin (Taiwanese)
raisin,Mandarin (Taiwanese)
soy milk,Mandarin (Taiwanese)
drink (beverage),Mandarin (Taiwanese)
bun,Mandarin (Taiwanese)
lollipop,Mandarin (Taiwanese)
dumpling,Mandarin (Taiwanese)
jelly,Mandarin (Taiwanese)
shirt,Mandarin (Taiwanese)
bib,Mandarin (Taiwanese)
zipper,Mandarin (Taiwanese)
mitten,Mandarin (Taiwanese)
helmet,Mandarin (Taiwanese)
underpants,Mandarin (Taiwanese)
pencil,Mandarin (Taiwanese)
puzzle,Mandarin (Taiwanese)
soap,Mandarin (Taiwanese)
air conditioner,Mandarin (Taiwanese)
bag,Mandarin (Taiwanese)
cd,Mandarin (Taiwanese)
kitchen,Mandarin (Taiwanese)
traffic light,Mandarin (Taiwanese)
seesaw,Mandarin (Taiwanese)
zebra,Mandarin (Taiwanese)
cockroach,Mandarin (Taiwanese)
alligator,Mandarin (Taiwanese)
caterpillar,Mandarin (Taiwanese)
hippopotamus,Mandarin (Taiwanese)
snail,Mandarin (Taiwanese)
spider,Mandarin (Taiwanese)
stroller,Mandarin (Taiwanese)
taxi,Mandarin (Taiwanese)
toast,Mandarin (Taiwanese)
papaya,Mandarin (Taiwanese)
donut,Mandarin (Taiwanese)
peanut,Mandarin (Taiwanese)
hamburger,Mandarin (Taiwanese)
mask,Mandarin (Taiwanese)
crayon,Mandarin (Taiwanese)
plate,Mandarin (Taiwanese)
knife,Mandarin (Taiwanese)
living room,Mandarin (Taiwanese)
drawer,Mandarin (Taiwanese)
elevator,Mandarin (Taiwanese)
washing machine,Mandarin (Taiwanese)
floor,Mandarin (Taiwanese)
grass,Mandarin (Taiwanese)
wind,Mandarin (Taiwanese)
rooster,Mandarin (Taiwanese)
wolf,Mandarin (Taiwanese)
dolphin,Mandarin (Taiwanese)
clam,Mandarin (Taiwanese)
back (body part),Mandarin (Taiwanese)
firetruck,Mandarin (Taiwanese)
cherry,Mandarin (Taiwanese)
soda,Mandarin (Taiwanese)
sausage,Mandarin (Taiwanese)
coffee,Mandarin (Taiwanese)
chicken (food),Mandarin (Taiwanese)
dress (object),Mandarin (Taiwanese)
sandal,Mandarin (Taiwanese)
robot,Mandarin (Taiwanese)
drum (object),Mandarin (Taiwanese)
coin,Mandarin (Taiwanese)
fork,Mandarin (Taiwanese)
bottle,Mandarin (Taiwanese)
couch,Mandarin (Taiwanese)
bathroom,Mandarin (Taiwanese)
road,Mandarin (Taiwanese)
kite,Mandarin (Taiwanese)
sand,Mandarin (Taiwanese)
animal,Mandarin (Taiwanese)
toe,Mandarin (Taiwanese)
lip,Mandarin (Taiwanese)
chin,Mandarin (Taiwanese)
pizza,Mandarin (Taiwanese)
nugget,Mandarin (Taiwanese)
sandwich,Mandarin (Taiwanese)
coke,Mandarin (Taiwanese)
shorts,Mandarin (Taiwanese)
sneaker,Mandarin (Taiwanese)
present,Mandarin (Taiwanese)
pot,Mandarin (Taiwanese)
box,Mandarin (Taiwanese)
mop (object),Mandarin (Taiwanese)
bucket,Mandarin (Taiwanese)
mud,Mandarin (Taiwanese)
thunder,Mandarin (Taiwanese)
sky,Mandarin (Taiwanese)
deer,Mandarin (Taiwanese)
fly (animal),Mandarin (Taiwanese)
goose,Mandarin (Taiwanese)
squirrel,Mandarin (Taiwanese)
pigeon,Mandarin (Taiwanese)
hen,Mandarin (Taiwanese)
knee,Mandarin (Taiwanese)
shoulder,Mandarin (Taiwanese)
helicopter,Mandarin (Taiwanese)
crane,Mandarin (Taiwanese)
pear,Mandarin (Taiwanese)
popcorn,Mandarin (Taiwanese)
gum,Mandarin (Taiwanese)
soy sauce,Mandarin (Taiwanese)
popsicle,Mandarin (Taiwanese)
raincoat,Mandarin (Taiwanese)
beads,Mandarin (Taiwanese)
bat (object),Mandarin (Taiwanese)
radio,Mandarin (Taiwanese)
plug,Mandarin (Taiwanese)
basket,Mandarin (Taiwanese)
brush (object),Mandarin (Taiwanese)
bedroom,Mandarin (Taiwanese)
sink,Mandarin (Taiwanese)
cupboard,Mandarin (Taiwanese)
cloud,Mandarin (Taiwanese)
owl,Mandarin (Taiwanese)
shark,Mandarin (Taiwanese)
eagle,Mandarin (Taiwanese)
tricycle,Mandarin (Taiwanese)
snack,Mandarin (Taiwanese)
lemon,Mandarin (Taiwanese)
kiwi,Mandarin (Taiwanese)
ketchup,Mandarin (Taiwanese)
peas,Mandarin (Taiwanese)
jam,Mandarin (Taiwanese)
necklace,Mandarin (Taiwanese)
pajamas,Mandarin (Taiwanese)
play dough,Mandarin (Taiwanese)
glue (object),Mandarin (Taiwanese)
gun,Mandarin (Taiwanese)
goal,Spanish (Peruvian)
cat,Spanish (Peruvian)
balloon,Spanish (Peruvian)
ball,Spanish (Peruvian)
hand,Spanish (Peruvian)
nose,Spanish (Peruvian)
food,Spanish (Peruvian)
eye,Spanish (Peruvian)
light (object),Spanish (Peruvian)
foot,Spanish (Peruvian)
street,Spanish (Peruvian)
bed,Spanish (Peruvian)
diaper,Spanish (Peruvian)
cow,Spanish (Peruvian)
ear,Spanish (Peruvian)
butt,Spanish (Peruvian)
airplane,Spanish (Peruvian)
plantain,Spanish (Peruvian)
chicken (food),Spanish (Peruvian)
yogurt,Spanish (Peruvian)
sun,Spanish (Peruvian)
chicken (animal),Spanish (Peruvian)
tummy,Spanish (Peruvian)
finger,Spanish (Peruvian)
juice,Spanish (Peruvian)
tights,Spanish (Peruvian)
pants,Spanish (Peruvian)
park,Spanish (Peruvian)
telephone,Spanish (Peruvian)
bottle,Spanish (Peruvian)
tree,Spanish (Peruvian)
toothbrush,Spanish (Peruvian)
table,Spanish (Peruvian)
elephant,Spanish (Peruvian)
lion,Spanish (Peruvian)
face,Spanish (Peruvian)
chocolate,Spanish (Peruvian)
moon,Spanish (Peruvian)
trash,Spanish (Peruvian)
soap,Spanish (Peruvian)
spider,Spanish (Peruvian)
bunny,Spanish (Peruvian)
arm,Spanish (Peruvian)
tongue,Spanish (Peruvian)
belly button,Spanish (Peruvian)
drum (object),Spanish (Peruvian)
train,Spanish (Peruvian)
fruit,Spanish (Peruvian)
apple,Spanish (Peruvian)
shoe,Spanish (Peruvian)
star,Spanish (Peruvian)
drawer,Spanish (Peruvian)
door,Spanish (Peruvian)
pacifier,Spanish (European)
ball,Spanish (European)
cookie,Spanish (European)
foot,Spanish (European)
car,Spanish (European)
bottle,Spanish (European)
potato,Spanish (European)
shoe,Spanish (European)
light (object),Spanish (European)
cat,Spanish (European)
dog,Spanish (European)
hand,Spanish (European)
nose,Spanish (European)
eye,Spanish (European)
balloon,Spanish (European)
motorcycle,Spanish (European)
meat,Spanish (European)
yogurt,Spanish (European)
horse,Spanish (European)
duck,Spanish (European)
fish (animal),Spanish (European)
cow,Spanish (European)
butt,Spanish (European)
book,Spanish (European)
goal,Spanish (European)
airplane,Spanish (European)
train,Spanish (European)
milk,Spanish (European)
juice,Spanish (European)
sock,Spanish (European)
diaper,Spanish (European)
bed,Spanish (European)
spoon,Spanish (European)
chair,Spanish (European)
elephant,Spanish (European)
bird,Spanish (European)
face,Spanish (European)
finger,Spanish (European)
tooth,Spanish (European)
ear,Spanish (European)
teddybear,Spanish (European)
paper,Spanish (European)
bus,Spanish (European)
bicycle,Spanish (European)
truck,Spanish (European)
candy,Spanish (European)
chocolate,Spanish (European)
lollipop,Spanish (European)
chips,Spanish (European)
ham,Spanish (European)
hat,Spanish (European)
sneaker,Spanish (European)
crib,Spanish (European)
key,Spanish (European)
table,Spanish (European)
door,Spanish (European)
telephone,Spanish (European)
glass,Spanish (European)
bug,Spanish (European)
chicken (animal),Spanish (European)
lion,Spanish (European)
monkey,Spanish (European)
bear,Spanish (European)
arm,Spanish (European)
tongue,Spanish (European)
leg,Spanish (European)
gut,Spanish (European)
blocks,Spanish (European)
photo,Spanish (European)
toy (object),Spanish (European)
pen/pencil,Spanish (European)
doll,Spanish (European)
apple,Spanish (European)
plantain,Spanish (European)
cheese,Spanish (European)
soup,Spanish (European)
boots,Spanish (European)
glasses,Spanish (European)
pants,Spanish (European)
pajamas,Spanish (European)
trash,Spanish (European)
bathtub,Spanish (European)
bath,Spanish (European)
kitchen,Spanish (European)
neighborhood,Spanish (European)
soap,Spanish (European)
comb (object),Spanish (European)
plate,Spanish (European)
clock,Spanish (European)
floor,Spanish (European)
tv,Spanish (European)
fork,Spanish (European)
snail,Spanish (European)
pig,Spanish (European)
bunny,Spanish (European)
sheep,Spanish (European)
chick,Spanish (European)
frog,Spanish (European)
fingernail,Spanish (European)
box,Spanish (European)
music,Spanish (European)
stick,Spanish (European)
drum (object),Spanish (European)
boat,Spanish (European)
rice,Spanish (European)
sweets,Spanish (European)
food,Spanish (European)
egg,Spanish (European)
orange (food),Spanish (European)
pear,Spanish (European)
chicken (food),Spanish (European)
sausage,Spanish (European)
coat,Spanish (European)
bib,Spanish (European)
brush (object),Spanish (European)
stairs,Spanish (European)
ant,Spanish (European)
giraffe,Spanish (European)
wolf,Spanish (European)
butterfly,Spanish (European)
fly (animal),Spanish (European)
mouse,Spanish (European)
bull,Spanish (European)
turtle,Spanish (European)
tummy,Spanish (European)
belly button,Spanish (European)
pen,Spanish (European)
clown,Spanish (European)
painting,Spanish (European)
olive,Spanish (European)
sugar,Spanish (European)
cocoa,Spanish (European)
pasta,Spanish (European)
fish (food),Spanish (European)
tomato,Spanish (European)
button,Spanish (European)
scarf,Spanish (European)
shirt,Spanish (European)
glove,Spanish (European)
knife,Spanish (European)
sponge,Spanish (European)
room,Spanish (European)
syrup,Spanish (European)
couch,Spanish (European)
towel,Spanish (European)
crocodile,Spanish (European)
pigeon,Spanish (European)
tiger,Spanish (European)
neck,Spanish (European)
lip,Spanish (European)
wheel,Spanish (European)
trolley,Spanish (European)
tractor,Spanish (European)
tricycle,Spanish (European)
sandwich,Spanish (European)
croquette,Spanish (European)
strawberry,Spanish (European)
fruit,Spanish (European)
ice cream,Spanish (European)
cake,Spanish (European)
jacket,Spanish (European)
sweater,Spanish (European)
earring,Spanish (European)
clothes,Spanish (European)
pillow,Spanish (European)
faucet,Spanish (European)
washing machine,Spanish (European)
cell phone,Spanish (European)
battery,Spanish (European)
living room,Spanish (European)
cup,Spanish (European)
scissors,Spanish (European)
donkey,Spanish (European)
snake,Spanish (European)
knee,Spanish (European)
bracelet,Spanish (European)
bun,Spanish (European)
cereal,Spanish (European)
beans,Spanish (European)
grapes,Spanish (European)
swimsuit,Spanish (European)
cushion,Spanish (European)
shower,Spanish (European)
broom,Spanish (European)
sink,Spanish (European)
coin,Spanish (European)
refrigerator,Spanish (European)
radio,Spanish (European)
animal,Spanish (European)
spider,Spanish (European)
worm,Spanish (European)
parrot,Spanish (European)
ladybug,Spanish (European)
beard,Spanish (European)
mustache,Spanish (European)
eyebrow,Spanish (European)
card,Spanish (European)
guitar,Spanish (European)
puzzle,Spanish (European)
rake (object),Spanish (European)
ambulance,Spanish (European)
police car,Spanish (European)
crane,Spanish (European)
helicopter,Spanish (European)
steak,Spanish (European)
lemon,Spanish (European)
tangerine,Spanish (European)
melon,Spanish (European)
applesauce,Spanish (European)
carrot,Spanish (European)
dress (object),Spanish (European)
garage,Spanish (European)
hammer,Spanish (European)
corridor,Spanish (European)
terrace,Spanish (European)
video,Spanish (European)
bee,Spanish (European)
dinosaur,Spanish (European)
piano,Spanish (European)
racket,Spanish (European)
skate (object),Spanish (European)
smoothie,Spanish (European)
pie,Spanish (European)
belt,Spanish (European)
zipper,Spanish (European)
skirt,Spanish (European)
lighter,Spanish (European)
meat,Hebrew
pickle,Hebrew
neck,Hebrew
washing machine,Hebrew
bowl,Hebrew
roof,Hebrew
sidewalk,Hebrew
glue (object),Hebrew
beads,Hebrew
pencil,Hebrew
pancake,Hebrew
cracker,Hebrew
jam,Hebrew
sweater,Hebrew
napkin,Hebrew
camera,Hebrew
hammer,Hebrew
ambulance,Hebrew
pen,Hebrew
candy,Hebrew
beans,Hebrew
belt,Hebrew
curtain,Hebrew
play pen,Hebrew
tablecloth,Hebrew
purse,Hebrew
money,Hebrew
basket,Hebrew
sandbox,Hebrew
skirt,Hebrew
garage,Hebrew
hose,Hebrew
bug,Hebrew
nut,Hebrew
ham,Hebrew
jeans,Hebrew
scarf,Hebrew
porch,Hebrew
flower pot,Hebrew
helicopter,Hebrew
chalk,Hebrew
gum,Hebrew
raisin,Hebrew
zipper,Hebrew
bedroom,Hebrew
armchair,Hebrew
puppy,Hebrew
peacock,Hebrew
soda,Hebrew
sneaker,Hebrew
mop (object),Hebrew
street,Hebrew
wolf,Hebrew
squirrel,Hebrew
jeep,Hebrew
tights,Hebrew
nail (object),Hebrew
plant,Hebrew
radio,Hebrew
vacuum,Hebrew
deer,Hebrew
tray,Hebrew
butter,Hebrew
sprinkler,Hebrew
bread,French (French)
cat,French (French)
ball,French (French)
shoe,French (French)
water (beverage),French (French)
cake,French (French)
car,French (French)
dog,French (French)
sock,French (French)
hand,French (French)
nose,French (French)
foot,French (French)
bunny,French (French)
bird,French (French)
hat,French (French)
slipper,French (French)
diaper,French (French)
water (not beverage),French (French)
bottle,French (French)
owie,French (French)
head,French (French)
eye,French (French)
banana,French (French)
apple,French (French)
boat,French (French)
bicycle,French (French)
duck,French (French)
fish (animal),French (French)
cow,French (French)
book,French (French)
pants,French (French)
flower,French (French)
spoon,French (French)
mouth,French (French)
hair,French (French)
tooth,French (French)
ear,French (French)
chocolate,French (French)
bed,French (French)
jar,French (French)
airplane,French (French)
truck,French (French)
motorcycle,French (French)
stroller,French (French)
horse,French (French)
pig,French (French)
teddybear,French (French)
chicken (animal),French (French)
pajamas,French (French)
key,French (French)
knife,French (French)
fork,French (French)
glasses,French (French)
milk,French (French)
pasta,French (French)
yogurt,French (French)
chair,French (French)
door,French (French)
train,French (French)
elephant,French (French)
lion,French (French)
wolf,French (French)
sheep,French (French)
bear,French (French)
turtle,French (French)
pen/pencil,French (French)
boots,French (French)
coat,French (French)
moon,French (French)
rain,French (French)
sun,French (French)
slide (object),French (French)
plate,French (French)
toothbrush,French (French)
music,French (French)
trash,French (French)
telephone,French (French)
glass,French (French)
arm,French (French)
finger,French (French)
butt,French (French)
tummy,French (French)
jam,French (French)
cheese,French (French)
fish (food),French (French)
table,French (French)
tractor,French (French)
crocodile,French (French)
giraffe,French (French)
frog,French (French)
butterfly,French (French)
monkey,French (French)
present,French (French)
doll,French (French)
bib,French (French)
button,French (French)
underpants,French (French)
sweater,French (French)
stone,French (French)
wind,French (French)
vacuum,French (French)
broom,French (French)
light (object),French (French)
photo,French (French)
soap,French (French)
leg,French (French)
cheek,French (French)
penis,French (French)
butter,French (French)
candy,French (French)
carrot,French (French)
bedroom,French (French)
kitchen,French (French)
shower,French (French)
tv,French (French)
mouse,French (French)
toy (object),French (French)
glove,French (French)
tree,French (French)
star,French (French)
snow,French (French)
cloud,French (French)
pool,French (French)
bowl,French (French)
brush (object),French (French)
scissors,French (French)
tissue,French (French)
paper,French (French)
bucket,French (French)
towel,French (French)
knee,French (French)
tongue,French (French)
coffee,French (French)
strawberry,French (French)
egg,French (French)
chicken (food),French (French)
soup,French (French)
sugar,French (French)
meat,French (French)
bath,French (French)
couch,French (French)
stairs,French (French)
bus,French (French)
bee,French (French)
rooster,French (French)
ant,French (French)
owl,French (French)
tiger,French (French)
bubbles,French (French)
story,French (French)
game,French (French)
watering can,French (French)
swing (object),French (French)
sky,French (French)
grass,French (French)
garden,French (French)
shovel,French (French)
box,French (French)
pillow,French (French)
blanket,French (French)
medicine,French (French)
chin,French (French)
thumb,French (French)
french fries,French (French)
ice cream,French (French)
beans,French (French)
orange (food),French (French)
potato,French (French)
salt,French (French)
window,French (French)
oven,French (French)
bathroom,French (French)
firetruck,French (French)
helicopter,French (French)
donkey,French (French)
kitty,French (French)
clay,French (French)
scarf,French (French)
dress (object),French (French)
shorts,French (French)
t-shirt,French (French)
stick,French (French)
road,French (French)
pacifier,French (French)
face,French (French)
belly button,French (French)
peas,French (French)
toast,French (French)
armchair,French (French)
refrigerator,French (French)
garage,French (French)
puppy,French (French)
goat,French (French)
squirrel,French (French)
zebra,French (French)
puzzle,French (French)
shirt,French (French)
necklace,French (French)
snowman,French (French)
ladder,French (French)
sidewalk,French (French)
lamp,French (French)
hammer,French (French)
watch (object),French (French)
basket,French (French)
comb (object),French (French)
cup,French (French)
pancake,French (French)
green beans,French (French)
juice,French (French)
muffin,French (French)
pizza,French (French)
lollipop,French (French)
washing machine,French (French)
living room,French (French)
penguin,French (French)
glue (object),French (French)
blocks,French (French)
sneaker,French (French)
overalls,French (French)
syrup,French (French)
remote control,French (French)
lip,French (French)
chips,French (French)
kiwi,French (French)
grapes,French (French)
sink,French (French)
drawer,French (French)
potty,French (French)
